run_name	dataset_label	intervention	aupr	auroc	perm_p_value	n_pairs	n_pos	n_sources
adamson	adamson	ablation	0.5760870563807586	0.4829059829059829	0.4252491694352159	31.0	18.0	86.0
adamson	adamson	swap	0.5769061636284211	0.5213675213675214	0.3920265780730897	31.0	18.0	86.0
dixit_tiny_neg	dixit_13d	ablation	0.8385171114141674	0.5497835497835498	0.26578073089701	40.0	33.0	10.0
dixit_tiny_neg	dixit_13d	swap	0.705820608883734	0.2597402597402597	0.9867109634551496	40.0	33.0	10.0
dixit_tiny_neg	dixit_7d	ablation	0.7715930907310954	0.5892857142857143	0.1129568106312292	40.0	28.0	10.0
dixit_tiny_neg	dixit_7d	swap	0.7093854772420976	0.5863095238095238	0.3089700996677741	40.0	28.0	10.0
shifrut	shifrut	ablation	0.7940210549330182	0.40625	0.9833887043189368	40.0	36.0	20.0
shifrut	shifrut	swap	0.8823207178933655	0.5347222222222222	0.4784053156146179	40.0	36.0	20.0
